"Localidade";"Variável";"1999";"2000";"2001";"2002";"2003";"2004";"2005";"2006";"2007";"2008";"2009";"2010";"2011";"2012";"2013";"2014";"2015";"2016";"2017";"2018";"2019";"2020";"2021";"2022";"2023";"2024"
"ESTADO DE GOIÁS";"Balança Comercial - Exportação (US$ FOB)";"325.890.630";"544.863.873";"595.270.896";"649.313.998";"1.103.187.151";"1.413.115.385";"1.817.392.930";"2.093.110.708";"3.184.780.418";"4.090.520.375";"3.614.963.748";"4.044.660.617";"5.605.193.073";"7.314.578.250";"7.042.673.945";"6.979.883.720";"5.878.262.696";"5.930.086.819";"6.905.341.886";"5.204.181.065";"6.486.328.454";" 7.344.117.220 ";"8.011.859.791";"12.340.728.788";"12.069.662.073";"12.256.583.777"
"Abadia de Goiás";"Balança Comercial - Exportação (US$ FOB)";"111.240";"157.687";"92.102";"69.897";"288.216";"125.124";"93.008";"122.876";"895.256";"175.211";"179.745";"61.835";"1.433.347";"293.086";"651.262";"140.916";"306.419";"486.985";"388.815";"571.046";"538.966";" 267.952 ";"45.377";"491.571";"198.368";"260.716"
"Abadiânia";"Balança Comercial - Exportação (US$ FOB)";"-";"-";"-";"-";"-";"-";"-";"-";"-";"-";"-";" -   ";"-";"3.733";"5.328";"2.530";"-";"-";"-";"-   ";"-";" 31.363 ";"11.017";"14.787";"53.702";"54.735"
"Acreúna";"Balança Comercial - Exportação (US$ FOB)";"1.120";"-";"217.849";"-";"905.578";"1.789.060";"2.119.972";"1.531.455";"6.024.967";"4.038.619";"4.304.356";"1.406.345";"1.838.513";"1.124.376";"918.121";"83.395";"46.674";"-";"247.500";"612.800";"1.087.840";" 1.501.099 ";"1.880.491";"682.199";"2.226.225";"3.700.893"
"Adelândia";"Balança Comercial - Exportação (US$ FOB)";"-";"-";"-";"-";"-";"-";"-";"-";"-";"-";"-";" -   ";"-";"-";"-";"-";"-";"-";"-";"-   ";"-";" - ";"-";"-";"-";"-"
"Água Fria de Goiás";"Balança Comercial - Exportação (US$ FOB)";"-";"-";"-";"-";"-";"-";"-";"-";"1.682.837";"18.817.831";"1.920.261";" -   ";"-";"-";"-";"-";"-";"-";"-";"-   ";"45.000";" - ";"56.000";"134.287";"-";"822.188"
"Água Limpa";"Balança Comercial - Exportação (US$ FOB)";"-";"-";"-";"-";"-";"-";"-";"-";"-";"-";"-";" -   ";"-";"-";"-";"-";"-";"-";"-";"-   ";"-";" - ";"-";"-";"-";"-"
"Águas Lindas de Goiás";"Balança Comercial - Exportação (US$ FOB)";"23.761";"17.165";"13.712";"10.047";"-";"2.478";"2.191";"-";"1.107";"1.468";"734";" -   ";"-";"-";"-";"13.926";"102.480";"-";"6.038";"5.760";"5.760";" - ";"-";"394.083";"146";"0"
"Alexânia";"Balança Comercial - Exportação (US$ FOB)";"-";"-";"-";"-";"2.801.050";"4.462.050";"-";"-";"-";"-";"-";" -   ";"-";"-";"-";"-";"-";"117.732";"29.538";"51.391";"27.176";" - ";"-";"-";"11.864";"16.538"
"Aloândia";"Balança Comercial - Exportação (US$ FOB)";"-";"-";"-";"-";"-";"-";"-";"-";"-";"-";"-";" -   ";"-";"-";"-";"-";"-";"-";"-";"-   ";"-";" - ";"-";"-";"-";"-"
"Alto Horizonte";"Balança Comercial - Exportação (US$ FOB)";"-";"-";"-";"-";"-";"-";"-";"-";"428.847.469";"476.546.255";"331.628.913";"504.658.668";"691.510.374";"597.447.257";"470.800.713";"435.777.789";"338.553.305";"374.406.635";"408.812.167";"439.071.361";"424.810.071";" 400.483.294 ";"526.952.668";"457.937.634";"418.403.695";"498.749.251"
"Alto Paraíso de Goiás";"Balança Comercial - Exportação (US$ FOB)";"-";"-";"-";"-";"-";"-";"-";"-";"-";"-";"-";" -   ";"-";"-";"5.292";"-";"-";"-";"6.064";"44.331";"396.616";" 352.501 ";"672.508";"353.648";"146.276";"845.142"
"Alvorada do Norte";"Balança Comercial - Exportação (US$ FOB)";"-";"-";"-";"-";"-";"-";"-";"-";"-";"-";"-";" -   ";"-";"-";"-";"-";"-";"-";"-";"-   ";"-";" - ";"-";"-";"-";"-"
"Amaralina";"Balança Comercial - Exportação (US$ FOB)";"-";"-";"-";"-";"-";"-";"-";"-";"-";"-";"-";" -   ";"-";"-";"-";"-";"-";"-";"-";"-   ";"-";" - ";"-";"-";"-";"-"
"Americano do Brasil";"Balança Comercial - Exportação (US$ FOB)";"-";"-";"-";"-";"-";"-";"-";"-";"7.442.577";"14.432.358";"211.136";"12.125.810";"17.007.399";"10.075.184";"6.735.838";"543.595";"-";"-";"-";"0";"-";" - ";"-";"-";"-";"-"
"Amorinópolis";"Balança Comercial - Exportação (US$ FOB)";"-";"-";"-";"-";"-";"-";"-";"-";"-";"-";"-";" -   ";"-";"-";"-";"-";"-";"-";"-";"-   ";"-";" - ";"-";"-";"-";"-"
"Anápolis";"Balança Comercial - Exportação (US$ FOB)";"327.566";"322.800";"2.959.705";"621.817";"2.655.868";"14.307.801";"38.755.971";"47.971.545";"36.958.163";"17.038.234";"68.157.340";"51.051.357";"239.098.987";"245.777.146";"271.265.800";"288.029.886";"241.515.639";"167.415.459";"115.479.927";"52.672.219";"137.254.774";" 137.331.003 ";"323.328.787";"566.004.326";"260.134.170";"155.094.827"
"Anhanguera";"Balança Comercial - Exportação (US$ FOB)";"-";"-";"-";"-";"-";"-";"-";"-";"-";"-";"-";" -   ";"-";"-";"-";"-";"-";"-";"-";"-   ";"-";" - ";"-";"-";"-";"-"
"Anicuns";"Balança Comercial - Exportação (US$ FOB)";"-";"-";"-";"-";"-";"-";"-";"4.201.329";"4.081.676";"4.528.256";"2.569.108";" -   ";"-";"-";"-";"-";"-";"-";"-";"-   ";"-";" - ";"-";"-";"-";"-"
"Aparecida de Goiânia";"Balança Comercial - Exportação (US$ FOB)";"1.141.666";"471.438";"880.712";"1.366.272";"1.994.825";"7.057.114";"6.189.534";"9.787.854";"4.351.515";"4.585.013";"3.592.760";"2.676.470";"3.849.306";"2.997.733";"3.053.562";"9.209.085";"45.390.748";"48.455.923";"38.651.725";"31.268.163";"33.404.639";" 36.683.753 ";"37.219.824";"46.558.154";"46.894.730";"44.343.771"
"Aparecida do Rio Doce";"Balança Comercial - Exportação (US$ FOB)";"-";"-";"-";"-";"-";"-";"-";"-";"-";"-";"-";" -   ";"-";"-";"-";"-";"-";"-";"-";"-   ";"-";" - ";"-";"-";"-";"-"
"Aporé";"Balança Comercial - Exportação (US$ FOB)";"-";"-";"-";"-";"-";"-";"-";"-";"-";"-";"-";" -   ";"-";"-";"-";"-";"-";"-";"-";"-   ";"-";" - ";"-";"-";"-";"0"
"Araçu";"Balança Comercial - Exportação (US$ FOB)";"-";"-";"-";"-";"-";"-";"-";"-";"-";"-";"-";" -   ";"-";"-";"-";"-";"-";"-";"-";"-   ";"-";" - ";"-";"-";"-";"-"
"Aragarças";"Balança Comercial - Exportação (US$ FOB)";"-";"-";"-";"-";"-";"-";"-";"-";"-";"-";"-";" -   ";"-";"-";"-";"-";"-";"-";"-";"-   ";"-";" - ";"-";"-";"-";"-"
"Aragoiânia";"Balança Comercial - Exportação (US$ FOB)";"-";"28.799";"189.375";"-";"11.861";"143.164";"37.700";"-";"-";"-";"-";" -   ";"-";"-";"-";"-";"-";"-";"-";"-   ";"-";" 4 ";"-";"-";"-";"0"
"Araguapaz";"Balança Comercial - Exportação (US$ FOB)";"-";"-";"-";"-";"-";"-";"-";"-";"-";"-";"-";" -   ";"-";"-";"-";"-";"-";"-";"-";"-   ";"-";" - ";"-";"-";"-";"-"
"Arenópolis";"Balança Comercial - Exportação (US$ FOB)";"-";"-";"-";"-";"-";"-";"-";"-";"-";"-";"-";" -   ";"-";"-";"-";"-";"-";"-";"-";"-   ";"-";" - ";"-";"-";"-";"-"
"Aruanã";"Balança Comercial - Exportação (US$ FOB)";"-";"-";"-";"-";"-";"-";"-";"-";"-";"-";"-";" -   ";"-";"-";"-";"-";"-";"-";"-";"-   ";"-";" - ";"-";"-";"-";"-"
"Aurilândia";"Balança Comercial - Exportação (US$ FOB)";"-";"-";"-";"-";"-";"-";"-";"-";"-";"-";"-";" -   ";"-";"-";"-";"-";"-";"-";"-";"-   ";"-";" - ";"-";"-";"1.251";"214"
"Avelinópolis";"Balança Comercial - Exportação (US$ FOB)";"-";"-";"-";"-";"-";"-";"-";"-";"-";"-";"-";" -   ";"-";"-";"-";"-";"-";"-";"-";"-   ";"-";" - ";"-";"-";"-";"-"
"Baliza";"Balança Comercial - Exportação (US$ FOB)";"-";"-";"-";"-";"-";"-";"-";"-";"-";"-";"-";" -   ";"-";"-";"-";"-";"-";"-";"-";"-   ";"-";" - ";"-";"-";"-";"-"
"Barro Alto";"Balança Comercial - Exportação (US$ FOB)";"1.597";"-";"-";"-";"-";"-";"-";"-";"-";"-";"-";" -   ";"80.392.587";"370.303.615";"339.995.844";"412.122.673";"219.074.193";"285.238.216";"309.184.094";"378.566.846";"415.054.666";" 441.570.811 ";"507.361.712";"595.616.867";"390.647.277";"374.458.824"
"Bela Vista de Goiás";"Balança Comercial - Exportação (US$ FOB)";"400";"85.525";"235.030";"124.749";"-";"-";"-";"163.811";"5.335.300";"646.250";"-";" -   ";"147.420";"252.417";"152.820";"248.234";"154.127";"101.774";"18.612";"83.495";"133.374";" 471.997 ";"273.689";"606.395";"730.894";"1.374.661"
"Bom Jardim de Goiás";"Balança Comercial - Exportação (US$ FOB)";"-";"-";"-";"-";"-";"-";"-";"-";"-";"-";"-";" -   ";"-";"-";"-";"-";"-";"-";"-";"-   ";"-";" - ";"-";"-";"-";"-"
"Bom Jesus de Goiás";"Balança Comercial - Exportação (US$ FOB)";"-";"-";"-";"-";"-";"-";"-";"-";"-";"-";"-";" -   ";"-";"52.779.321";"45.839.859";"83.174.968";"55.675.776";"75.472.118";"30.162.930";"28.087.404";"4.795.500";" - ";"-";"-";"892";"0"
"Bonfinópolis";"Balança Comercial - Exportação (US$ FOB)";"-";"-";"-";"-";"-";"-";"-";"-";"-";"-";"-";" -   ";"-";"-";"-";"-";"-";"-";"-";"145";"-";" - ";"-";"-";"-";"-"
"Bonópolis";"Balança Comercial - Exportação (US$ FOB)";"-";"-";"-";"-";"-";"-";"-";"-";"-";"-";"-";" -   ";"-";"-";"-";"-";"-";"-";"-";"-   ";"-";" - ";"-";"-";"-";"-"
"Brazabrantes";"Balança Comercial - Exportação (US$ FOB)";"-";"-";"-";"-";"-";"-";"-";"-";"-";"-";"-";" -   ";"-";"-";"-";"-";"-";"-";"-";"-   ";"-";" - ";"-";"-";"-";"0"
"Britânia";"Balança Comercial - Exportação (US$ FOB)";"-";"-";"-";"-";"-";"-";"-";"-";"-";"-";"-";" -   ";"-";"-";"-";"-";"-";"-";"-";"1.319";"-";" - ";"-";"-";"-";"-"
"Buriti Alegre";"Balança Comercial - Exportação (US$ FOB)";"-";"-";"-";"-";"-";"-";"-";"-";"313.663";"2.613.986";"-";" -   ";"-";"-";"-";"-";"-";"-";"-";"-   ";"-";" - ";"-";"-";"-";"-"
"Buriti de Goiás";"Balança Comercial - Exportação (US$ FOB)";"-";"-";"-";"-";"-";"-";"-";"-";"-";"-";"-";" -   ";"-";"-";"-";"-";"-";"-";"-";"-   ";"-";" - ";"-";"-";"-";"-"
"Buritinópolis";"Balança Comercial - Exportação (US$ FOB)";"-";"-";"-";"-";"-";"-";"-";"-";"-";"-";"-";" -   ";"-";"-";"-";"-";"-";"-";"-";"-   ";"-";" - ";"-";"-";"-";"-"
"Cabeceiras";"Balança Comercial - Exportação (US$ FOB)";"-";"-";"-";"-";"-";"-";"-";"-";"-";"-";"-";" -   ";"-";"-";"-";"-";"-";"-";"-";"-   ";"-";" - ";"-";"-";"398.153";"855.550"
"Cachoeira Alta";"Balança Comercial - Exportação (US$ FOB)";"-";"-";"-";"-";"-";"-";"-";"727.955";"1.680.509";"646.763";"-";" -   ";"-";"-";"7.539.930";"17.515.189";"15.332.898";"16.849.031";"1.415.198";"8.405.326";"9.188.303";" 13.563.506 ";"2.225.894";"-";"-";"0"
"Cachoeira de Goiás";"Balança Comercial - Exportação (US$ FOB)";"-";"-";"-";"-";"-";"-";"-";"-";"-";"-";"-";" -   ";"-";"-";"-";"-";"-";"-";"-";"-   ";"-";" - ";"-";"-";"-";"-"
"Cachoeira Dourada";"Balança Comercial - Exportação (US$ FOB)";"-";"-";"-";"-";"-";"-";"-";"-";"-";"-";"-";" -   ";"-";"-";"-";"-";"-";"-";"-";"0";"-";" - ";"-";"-";"-";"0"
"Caçu";"Balança Comercial - Exportação (US$ FOB)";"-";"-";"-";"-";"-";"-";"-";"-";"-";"-";"-";" -   ";"-";"-";"-";"-";"3.064.674";"-";"1.434.506";"1.914.908";"1.477.202";" 978.060 ";"2.736.361";"440.214";"-";"-"
"Caiapônia";"Balança Comercial - Exportação (US$ FOB)";"-";"-";"-";"-";"-";"-";"-";"-";"-";"-";"-";" -   ";"-";"-";"-";"-";"-";"-";"-";"-   ";"-";" 1.057.332 ";"7.993.048";"2.406.483";"993.617";"836.825"
"Caldas Novas";"Balança Comercial - Exportação (US$ FOB)";"-";"3.188";"15.162";"46.044";"21.910";"-";"33.925";"-";"-";"23.878";"27";"7.106";"61.445";"37.693";"185.049";"129.795";"149.693";"155.013";"329.256";"461.623";"537.769";" 830.839 ";"1.789.138";"4.485.394";"1.442.397";"3.129.804"
"Caldazinha";"Balança Comercial - Exportação (US$ FOB)";"-";"-";"-";"-";"-";"-";"-";"-";"-";"-";"-";" -   ";"-";"-";"-";"-";"-";"-";"-";"-   ";"-";" - ";"-";"-";"-";"-"
"Campestre de Goiás";"Balança Comercial - Exportação (US$ FOB)";"-";"-";"-";"-";"-";"-";"-";"-";"-";"-";"-";" -   ";"-";"-";"-";"-";"-";"-";"-";"-   ";"-";" - ";"-";"-";"-";"-"
"Campinaçu";"Balança Comercial - Exportação (US$ FOB)";"-";"-";"-";"-";"-";"-";"-";"-";"-";"-";"-";" -   ";"-";"-";"-";"-";"-";"-";"-";"-   ";"-";" - ";"-";"-";"-";"-"
"Campinorte";"Balança Comercial - Exportação (US$ FOB)";"-";"-";"-";"-";"-";"-";"-";"-";"-";"-";"-";" -   ";"-";"-";"-";"-";"-";"-";"-";"-   ";"-";" - ";"-";"-";"-";"-"
"Campo Alegre de Goiás";"Balança Comercial - Exportação (US$ FOB)";"-";"-";"-";"-";"-";"1.160.796";"573.693";"1.111.179";"1.851.531";"374.315";"96.427";" -   ";"-";"-";"-";"-";"-";"29.320";"176.824";"514.000";"717.200";" 445.900 ";"153.186";"809.494";"197.713";"71.175"
"Campo Limpo de Goiás";"Balança Comercial - Exportação (US$ FOB)";"-";"-";"-";"-";"-";"-";"-";"-";"-";"-";"-";" -   ";"-";"-";"-";"-";"-";"-";"-";"-   ";"2.386.070";" 21.473.426 ";"-";"-";"-";"0"
"Campos Belos";"Balança Comercial - Exportação (US$ FOB)";"-";"-";"-";"-";"-";"-";"-";"-";"-";"-";"-";" -   ";"-";"-";"-";"-";"-";"-";"-";"-   ";"-";" - ";"-";"-";"-";"-"
"Campos Verdes";"Balança Comercial - Exportação (US$ FOB)";"-";"-";"-";"-";"-";"-";"-";"-";"-";"-";"-";" -   ";"-";"-";"54.932";"160.607";"-";"1.643";"2.149";"-   ";"16.745";" 104.549 ";"-";"40.294";"206.219";"87.571"
"Carmo do Rio Verde";"Balança Comercial - Exportação (US$ FOB)";"-";"-";"-";"-";"-";"-";"-";"-";"-";"-";"-";" -   ";"-";"-";"-";"-";"-";"-";"-";"-   ";"-";" - ";"1.595.299";"73";"4.798.071";"5.696.050"
"Castelândia";"Balança Comercial - Exportação (US$ FOB)";"-";"-";"-";"-";"-";"-";"-";"-";"-";"-";"-";" -   ";"41.036.777";"40.762.928";"9.997.791";"17.435.293";"17.131.917";"32.071.819";"42.995.618";"19.442.868";"34.902.625";" 42.929.021 ";"33.798";"-";"-";"-"
"Catalão";"Balança Comercial - Exportação (US$ FOB)";"2.018.641";"25.240";"2.320.897";"161.138";"57.593";"11.132.739";"31.229.014";"24.747.033";"66.589.859";"84.583.434";"69.537.197";"86.773.289";"162.561.360";"91.715.764";"95.975.939";"75.814.371";"77.364.310";"71.066.506";"163.595.315";"137.015.524";"205.308.737";" 223.381.178 ";"212.022.338";"278.986.749";"260.266.508";"222.093.470"
"Caturaí";"Balança Comercial - Exportação (US$ FOB)";"-";"-";"-";"-";"-";"-";"-";"-";"-";"-";"-";" -   ";"-";"-";"-";"-";"-";"-";"-";"-   ";"-";" - ";"-";"-";"-";"-"
"Cavalcante";"Balança Comercial - Exportação (US$ FOB)";"-";"-";"-";"-";"-";"-";"-";"-";"-";"-";"-";" -   ";"-";"-";"-";"-";"-";"-";"0";"0";"-";" - ";"-";"-";"-";"0"
"Ceres";"Balança Comercial - Exportação (US$ FOB)";"-";"-";"-";"-";"-";"-";"-";"-";"-";"-";"-";" -   ";"-";"-";"-";"-";"-";"-";"0";"0";"-";" - ";"3.667";"3.964";"-";"0"
"Cezarina";"Balança Comercial - Exportação (US$ FOB)";"-";"-";"-";"-";"125.961";"821.017";"1.861.964";"-";"-";"32.696";"-";" -   ";"1.555";"-";"-";"-";"-";"-";"0";"0";"-";" - ";"-";"-";"-";"0"
"Chapadão do Céu";"Balança Comercial - Exportação (US$ FOB)";"-";"934.577";"1.970.795";"768.642";"2.050.475";"5.696.214";"5.122.798";"2.523.968";"1.439.389";"2.725.430";"1.114.410";"2.981.760";"14.293.160";"39.612.397";"27.167.438";"38.183.362";"26.551.367";"27.653.656";"16.809.110";"23.105.868";"13.257.905";" 39.278.700 ";"29.661.398";"38.711.565";"71.706.008";"125.770.674"
"Cidade Ocidental";"Balança Comercial - Exportação (US$ FOB)";"-";"-";"-";"-";"1.824.431";"1.894.203";"3.058.792";"1.892.996";"317.006";"-";"-";" -   ";"-";"-";"1.144.645";"20.817";"57.252";"102.096";"315.507";"1.831.905";"2.810.446";" 2.794.387 ";"2.158.612";"927.309";"1.910.464";"1.991.525"
"Cocalzinho de Goiás";"Balança Comercial - Exportação (US$ FOB)";"-";"-";"-";"-";"-";"-";"-";"-";"-";"-";"-";" -   ";"-";"-";"-";"-";"-";"-";"-";"0";"4.833";" - ";"-";"-";"-";"-"
"Colinas do Sul";"Balança Comercial - Exportação (US$ FOB)";"-";"-";"-";"-";"-";"-";"-";"-";"-";"-";"-";" -   ";"-";"-";"-";"-";"-";"-";"-";"-   ";"-";" - ";"-";"-";"-";"-"
"Córrego do Ouro";"Balança Comercial - Exportação (US$ FOB)";"-";"-";"-";"-";"-";"-";"-";"-";"-";"-";"-";" -   ";"-";"-";"-";"-";"-";"-";"-";"-   ";"-";" - ";"-";"-";"-";"-"
"Corumbá de Goiás";"Balança Comercial - Exportação (US$ FOB)";"-";"-";"-";"-";"-";"-";"-";"-";"-";"-";"-";" -   ";"-";"-";"-";"-";"-";"-";"-";"-   ";"-";" - ";"274.019";"-";"-";"-"
"Corumbaíba";"Balança Comercial - Exportação (US$ FOB)";"-";"-";"-";"-";"-";"-";"-";"-";"-";"-";"-";" -   ";"-";"-";"-";"-";"-";"-";"0";"36.863";"-";" 29.088 ";"20.253";"11.792";"-";"-"
"Cristalina";"Balança Comercial - Exportação (US$ FOB)";"612.160";"6.077.692";"1.923.518";"1.904.595";"8.031.643";"13.513.735";"17.020.050";"7.424.947";"6.713.904";"6.701.796";"13.124.355";"12.994.237";"19.946.135";"38.352.799";"19.848.171";"26.063.707";"17.095.165";"29.657.190";"33.927.491";"36.378.088";"85.549.753";" 169.132.760 ";"204.726.522";"350.874.704";"357.834.873";"360.546.749"
"Cristianópolis";"Balança Comercial - Exportação (US$ FOB)";"-";"-";"-";"-";"-";"-";"-";"-";"-";"-";"-";" -   ";"-";"-";"-";"-";"-";"-";"-";"-   ";"-";" - ";"-";"-";"-";"-"
"Crixás";"Balança Comercial - Exportação (US$ FOB)";"43.379.961";"49.834.653";"54.005.047";"51.310.265";"-";"-";"-";"-";"8.015";"-";"1";" -   ";"-";"450";"-";"145.653.315";"158.278.740";"165.676.919";"163.351.128";"164.780.860";"166.722.928";" 195.651.773 ";"149.480.092";"155.665.704";"174.875.499";"187.480.203"
"Cromínia";"Balança Comercial - Exportação (US$ FOB)";"-";"-";"-";"-";"-";"-";"-";"-";"-";"-";"-";" -   ";"-";"-";"-";"-";"-";"-";"-";"-   ";"-";" - ";"-";"-";"-";"-"
"Cumari";"Balança Comercial - Exportação (US$ FOB)";"-";"-";"-";"-";"-";"-";"-";"-";"-";"-";"-";" -   ";"-";"-";"-";"-";"-";"-";"-";"-   ";"-";" - ";"-";"-";"-";"-"
"Damianópolis";"Balança Comercial - Exportação (US$ FOB)";"-";"-";"-";"-";"-";"-";"-";"-";"-";"-";"-";" -   ";"-";"-";"-";"-";"-";"-";"-";"-   ";"-";" - ";"-";"-";"-";"-"
"Damolândia";"Balança Comercial - Exportação (US$ FOB)";"-";"-";"-";"-";"-";"-";"-";"-";"-";"-";"-";" -   ";"-";"-";"-";"-";"-";"-";"-";"-   ";"-";" - ";"-";"-";"-";"-"
"Davinópolis";"Balança Comercial - Exportação (US$ FOB)";"-";"-";"-";"-";"-";"-";"-";"-";"-";"-";"-";" -   ";"-";"-";"-";"-";"-";"-";"-";"-   ";"-";" - ";"-";"-";"-";"-"
"Diorama";"Balança Comercial - Exportação (US$ FOB)";"-";"-";"-";"-";"-";"-";"-";"-";"-";"-";"-";" -   ";"-";"-";"-";"-";"-";"-";"-";"-   ";"-";" - ";"-";"-";"-";"-"
"Divinópolis de Goiás";"Balança Comercial - Exportação (US$ FOB)";"-";"-";"-";"-";"-";"-";"-";"-";"-";"-";"-";" -   ";"-";"-";"-";"-";"-";"-";"-";"-   ";"-";" - ";"-";"-";"-";"-"
"Doverlândia";"Balança Comercial - Exportação (US$ FOB)";"-";"-";"-";"-";"-";"-";"-";"-";"-";"-";"-";" -   ";"-";"-";"-";"-";"-";"-";"-";"-   ";"-";" - ";"-";"-";"-";"-"
"Edealina";"Balança Comercial - Exportação (US$ FOB)";"-";"-";"-";"-";"-";"-";"-";"-";"-";"-";"-";" -   ";"-";"-";"-";"-";"-";"-";"0";"- ";"-";" - ";"-";"-";"-";"0"
"Edéia";"Balança Comercial - Exportação (US$ FOB)";"-";"-";"-";"-";"-";"-";"-";"4.609.138";"-";"10.000";"28.526.667";"59.655.045";"69.783.879";"118.524.261";"43.078.996";"31.607.049";"38.034.978";"88.045.833";"72.158.143";"42.986.392";"33.648.992";" 68.614.862 ";"75.953.187";"68.468.710";"90.473.723";"82.879.207"
"Estrela do Norte";"Balança Comercial - Exportação (US$ FOB)";"-";"-";"-";"-";"-";"-";"-";"-";"-";"-";"-";" -   ";"-";"-";"-";"-";"-";"-";"-";"-   ";"-";" - ";"-";"-";"-";"-"
"Faina";"Balança Comercial - Exportação (US$ FOB)";"-";"-";"-";"-";"13.758.396";"44.187.878";"29.387.960";"20.983.786";"10.540.537";"-";"-";" -   ";"-";"-";"-";"-";"-";"529.705";"0";"- ";"-";" - ";"-";"-";"-";"-"
"Fazenda Nova";"Balança Comercial - Exportação (US$ FOB)";"-";"-";"-";"-";"-";"747.125";"16.531.574";"17.234.152";"5.753.039";"11.375";"-";" -   ";"-";"-";"-";"-";"-";"-";"-";"-   ";"-";" - ";"-";"-";"-";"0"
"Firminópolis";"Balança Comercial - Exportação (US$ FOB)";"-";"-";"-";"-";"-";"-";"-";"-";"-";"-";"-";" -   ";"-";"-";"-";"-";"-";"-";"-";"-   ";"-";" - ";"-";"-";"-";"-"
"Flores de Goiás";"Balança Comercial - Exportação (US$ FOB)";"-";"-";"-";"-";"-";"-";"-";"-";"-";"-";"-";" -   ";"-";"-";"-";"-";"-";"-";"-";"-   ";"-";" - ";"-";"-";"-";"-"
"Formosa";"Balança Comercial - Exportação (US$ FOB)";"-";"97.402";"335.196";"-";"76.673";"290.160";"2.158.268";"1.305.199";"3.250.751";"3.877.601";"5.184.926";"15.249.691";"22.906.193";"15.572.670";"9.867.013";"14.075.194";"23.698.011";"21.477.384";"12.310.138";"14.058.134";"12.919.560";" 9.685.165 ";"11.705.744";"15.445.860";"21.786.058";"18.321.653"
"Formoso";"Balança Comercial - Exportação (US$ FOB)";"-";"-";"-";"-";"-";"-";"-";"-";"-";"-";"-";" -   ";"-";"-";"-";"-";"-";"-";"-";"-   ";"-";" - ";"-";"-";"-";"-"
"Gameleira de Goiás";"Balança Comercial - Exportação (US$ FOB)";"-";"-";"-";"-";"-";"-";"-";"-";"-";"-";"-";" -   ";"-";"-";"-";"-";"-";"-";"0";"-   ";"-";" - ";"-";"-";"-";"-"
"Goianápolis";"Balança Comercial - Exportação (US$ FOB)";"-";"-";"-";"-";"-";"-";"-";"-";"-";"-";"-";" -   ";"-";"-";"-";"-";"-";"-";"0";"-   ";"-";" - ";"1.960";"69.845";"57.895";"12.000"
"Goiandira";"Balança Comercial - Exportação (US$ FOB)";"-";"-";"-";"-";"-";"-";"-";"-";"-";"-";"-";" -   ";"-";"-";"-";"-";"-";"-";"-";"-   ";"-";" - ";"-";"-";"-";"-"
"Goianésia";"Balança Comercial - Exportação (US$ FOB)";"10.528.869";"4.520.640";"6.820.625";"5.578.845";"8.551.892";"12.744.491";"30.661.798";"51.271.756";"39.159.424";"36.150.843";"44.124.315";"58.288.643";"83.395.599";"68.584.962";"79.254.259";"47.384.189";"50.998.069";"51.618.140";"56.218.668";"58.170.282";"50.596.442";" 65.278.658 ";"35.508.518";"50.616.887";"59.462.078";"91.424.814"
"Goiânia";"Balança Comercial - Exportação (US$ FOB)";"20.747.949";"20.938.230";"28.192.084";"48.811.916";"77.563.856";"131.456.428";"115.011.523";"164.462.999";"176.129.037";"171.408.310";"127.080.016";"169.837.304";"169.995.049";"231.845.800";"215.811.182";"176.651.123";"105.333.133";"168.073.389";"118.626.577";"352.765.583";"351.002.310";" 219.094.560 ";"179.762.166";"203.658.810";"243.970.111";"265.413.473"
"Goianira";"Balança Comercial - Exportação (US$ FOB)";"440.741";"396.895";"141.556";"5.431.541";"9.125.375";"12.287.585";"6.742.307";"255.578";"68.190";"11.122.226";"19.135";"55.632";"38.083";"65.663";"3.645.291";"50.650.326";"43.362.655";"60.197.214";"15.524.825";"9.744.324";"10.080.120";" 18.399.142 ";"19.237.463";"17.271.054";"37.003.466";"28.955.785"
"Goiás";"Balança Comercial - Exportação (US$ FOB)";"-";"-";"424.134";"242.103";"1.326.702";"110.989";"334.748";"273.441";"14.064.306";"1.948.780";"632.913";"586.753";"-";"8.122.936";"12.169.102";"404.360";"-";"-";"-";"-   ";"-";" - ";"-";"-";"-";"-"
"Goiatuba";"Balança Comercial - Exportação (US$ FOB)";"6.756.812";"15.885.862";"40.758.273";"48.010.472";"108.820.169";"177.934.195";"165.291.777";"177.616.712";"211.502.782";"86.613.991";"58.543.307";"52.590.103";"99.057.432";"61.107.031";"47.056.116";"56.648.279";"69.147.024";"107.839.685";"122.725.762";"126.819.196";"57.051.367";" 56.804.675 ";"56.981.387";"44.741.789";"133.759.801";"112.608.676"
"Gouvelândia";"Balança Comercial - Exportação (US$ FOB)";"-";"-";"-";"-";"-";"-";"-";"-";"-";"-";"-";" -   ";"-";"-";"-";"-";"-";"-";"-";"44.850";"-";" - ";"-";"-";"-";"-"
"Guapó";"Balança Comercial - Exportação (US$ FOB)";"-";"-";"-";"-";"-";"-";"16.126";"24.258";"24.483";"-";"-";" -   ";"-";"-";"-";"-";"-";"-";"-";"-   ";"-";" - ";"-";"1.082";"1.044";"1.790"
"Guaraíta";"Balança Comercial - Exportação (US$ FOB)";"-";"-";"-";"-";"-";"-";"-";"-";"-";"-";"-";" -   ";"-";"-";"-";"-";"-";"-";"-";"-   ";"-";" - ";"-";"-";"-";"0"
"Guarani de Goiás";"Balança Comercial - Exportação (US$ FOB)";"-";"-";"-";"-";"-";"-";"-";"-";"-";"-";"-";" -   ";"-";"-";"-";"-";"-";"-";"-";"-   ";"-";" - ";"-";"-";"-";"-"
"Guarinos";"Balança Comercial - Exportação (US$ FOB)";"-";"-";"-";"-";"-";"-";"-";"-";"-";"-";"-";" -   ";"-";"-";"-";"-";"-";"-";"-";"-   ";"-";" - ";"-";"-";"-";"-"
"Heitoraí";"Balança Comercial - Exportação (US$ FOB)";"-";"-";"-";"-";"-";"-";"-";"-";"-";"-";"-";" -   ";"-";"-";"-";"-";"-";"-";"-";"-   ";"-";" - ";"-";"-";"-";"-"
"Hidrolândia";"Balança Comercial - Exportação (US$ FOB)";"401.414";"436.306";"7.836.899";"9.863.334";"9.380.219";"10.028.911";"15.029.634";"22.041.095";"24.888.526";"23.213.345";"15.038.183";"8.829.862";"17.880.872";"21.394.353";"22.050.780";"26.090.764";"13.279.113";"14.801.613";"19.179.125";"14.129.055";"4.962.527";" 459.818 ";"3.530.162";"4.863.091";"795.185";"1.678.785"
"Hidrolina";"Balança Comercial - Exportação (US$ FOB)";"-";"-";"-";"-";"-";"-";"-";"-";"-";"-";"-";" -   ";"-";"-";"-";"-";"-";"-";"-";"-   ";"-";" - ";"-";"-";"-";"-"
"Iaciara";"Balança Comercial - Exportação (US$ FOB)";"-";"-";"-";"-";"-";"-";"-";"-";"-";"-";"-";" -   ";"-";"-";"-";"-";"-";"-";"-";"-   ";"-";" - ";"-";"-";"-";"-"
"Inaciolândia";"Balança Comercial - Exportação (US$ FOB)";"-";"-";"-";"-";"-";"-";"-";"-";"-";"-";"-";" -   ";"-";"-";"-";"-";"-";"-";"-";"-   ";"-";" - ";"-";"-";"-";"-"
"Indiara";"Balança Comercial - Exportação (US$ FOB)";"-";"-";"-";"-";"-";"-";"-";"-";"-";"-";"-";" -   ";"-";"-";"-";"-";"-";"-";"-";"-   ";"5.900";" 41.135 ";"39.744";"8.455.255";"-";"-"
"Inhumas";"Balança Comercial - Exportação (US$ FOB)";"13.358";"3.321.040";"-";"-";"-";"-";"-";"-";"-";"178.131";"5.205.720";"728.873";"1.736.412";"2.995.934";"3.807.863";"4.458.755";"4.709.887";"4.046.802";"15.695.564";"17.562.715";"1.704.203";" 21.783.980 ";"28.516.125";"39.768.606";"46.673.194";"90.454.866"
"Ipameri";"Balança Comercial - Exportação (US$ FOB)";"-";"-";"-";"-";"-";"133.772";"175.037";"351.978";"30.849.216";"30.926.942";"-";"24.556";"22.674.840";"30.486.528";"65.974.418";"30.210.069";"29.551.735";"34.198.327";"94.765.887";"96.764.066";"113.079.115";" 95.138.237 ";"136.597.288";"153.491.978";"143.746.327";"137.564.757"
"Ipiranga de Goiás";"Balança Comercial - Exportação (US$ FOB)";"-";"-";"-";"-";"-";"-";"-";"-";"-";"-";"-";" -   ";"-";"-";"-";"-";"-";"-";"-";"-   ";"-";" - ";"-";"-";"-";"-"
"Iporá";"Balança Comercial - Exportação (US$ FOB)";"-";"-";"-";"-";"-";"-";"-";"-";"-";"-";"-";" -   ";"-";"-";"-";"-";"-";"-";"179.298";"471.920";"-";" - ";"-";"-";"-";"1.247"
"Israelândia";"Balança Comercial - Exportação (US$ FOB)";"-";"-";"-";"-";"-";"-";"-";"-";"-";"-";"-";" -   ";"-";"-";"-";"-";"-";"-";"-";"-   ";"-";" - ";"-";"-";"-";"-"
"Itaberaí";"Balança Comercial - Exportação (US$ FOB)";"-";"-";"-";"-";"-";"-";"6.586";"937.181";"4.534.786";"9.329.184";"11.603.187";"17.010.836";"22.292.789";"24.822.725";"28.342.611";"36.011.343";"43.364.276";"64.176.271";"74.330.177";"81.977.378";"123.601.059";" 120.314.488 ";"148.003.742";"140.782.661";"142.919.136";"165.783.814"
"Itaguari";"Balança Comercial - Exportação (US$ FOB)";"-";"-";"-";"-";"-";"-";"-";"-";"-";"-";"-";" -   ";"-";"-";"-";"-";"-";"-";"-";"-   ";"-";" - ";"12.721";"12.299";"1.189";"90"
"Itaguaru";"Balança Comercial - Exportação (US$ FOB)";"-";"-";"-";"-";"-";"-";"-";"-";"-";"-";"-";" -   ";"255";"-";"-";"-";"-";"-";"-";"-   ";"-";" - ";"-";"-";"-";"-"
"Itajá";"Balança Comercial - Exportação (US$ FOB)";"-";"-";"-";"-";"-";"-";"-";"-";"-";"-";"-";" -   ";"-";"-";"-";"-";"-";"-";"-";"-   ";"-";" - ";"-";"-";"-";"0"
"Itapaci";"Balança Comercial - Exportação (US$ FOB)";"-";"-";"-";"-";"-";"-";"-";"-";"-";"-";"-";" -   ";"-";"-";"-";"-";"-";"-";"-";"-   ";"-";" - ";"-";"-";"31.442";"-"
"Itapirapuã";"Balança Comercial - Exportação (US$ FOB)";"-";"-";"-";"-";"-";"-";"-";"-";"-";"-";"-";" -   ";"12.537";"62.225";"24.171";"-";"-";"-";"-";"-   ";"-";" - ";"-";"-";"707";"-"
"Itapuranga";"Balança Comercial - Exportação (US$ FOB)";"-";"-";"-";"-";"-";"-";"-";"-";"-";"-";"1.902";" -   ";"1.994";"-";"-";"2.248";"358";"1.593";"0";"0";"-";" - ";"-";"1.034";"-";"4.021"
"Itarumã";"Balança Comercial - Exportação (US$ FOB)";"-";"-";"-";"-";"-";"-";"-";"-";"-";"-";"-";" -   ";"-";"-";"-";"-";"-";"-";"-";"0";"-";" - ";"-";"-";"-";"-"
"Itauçu";"Balança Comercial - Exportação (US$ FOB)";"-";"-";"-";"-";"-";"-";"-";"-";"-";"-";"-";" -   ";"505";"-";"-";"-";"-";"-";"175";"-   ";"-";" - ";"-";"-";"-";"0"
"Itumbiara";"Balança Comercial - Exportação (US$ FOB)";"26.837.957";"57.985.348";"50.138.524";"58.341.615";"153.540.544";"296.675.946";"227.704.658";"180.967.372";"233.178.405";"479.027.139";"191.170.515";"214.210.499";"320.911.325";"360.797.166";"381.133.600";"392.240.114";"298.514.589";"335.061.953";"277.992.866";"305.628.397";"205.967.380";" 296.353.154 ";"286.475.982";"508.988.615";"388.524.474";"315.396.868"
"Ivolândia";"Balança Comercial - Exportação (US$ FOB)";"-";"-";"-";"-";"-";"-";"-";"-";"-";"-";"-";" -   ";"-";"-";"-";"-";"-";"-";"-";"-   ";"-";" - ";"-";"-";"-";"-"
"Jandaia";"Balança Comercial - Exportação (US$ FOB)";"-";"-";"-";"-";"-";"-";"-";"-";"-";"-";"-";" -   ";"-";"-";"-";"-";"-";"-";"-";"-   ";"-";" - ";"-";"-";"-";"-"
"Jaraguá";"Balança Comercial - Exportação (US$ FOB)";"-";"129";"2.124";"87.795";"42.941";"7.842";"3.884";"4.158";"6.734";"9.932";"2.629";"7.028";"3.723";"385";"-";"1.875";"-";"-";"0";"-   ";"4.960";" - ";"36.828";"64.972";"114.131";"44.838"
"Jataí";"Balança Comercial - Exportação (US$ FOB)";"-";"-";"32.222.018";"258.065";"3.480.848";"13.231.710";"8.324.952";"19.693.362";"56.566.744";"55.431.499";"82.167.174";"48.895.973";"69.784.460";"109.393.979";"67.974.247";"79.344.728";"56.331.032";"73.064.323";"293.687.398";"150.600.776";"639.596.386";" 667.185.437 ";"625.336.868";"1.450.589.487";"1.342.434.858";"1.073.714.107"
"Jaupaci";"Balança Comercial - Exportação (US$ FOB)";"-";"-";"-";"-";"-";"-";"-";"-";"-";"-";"-";" -   ";"-";"-";"-";"-";"-";"-";"-";"-   ";"-";" - ";"-";"25.465";"-";"-"
"Jesúpolis";"Balança Comercial - Exportação (US$ FOB)";"-";"-";"-";"-";"-";"-";"-";"-";"-";"-";"-";" -   ";"-";"-";"-";"-";"-";"-";"-";"-   ";"-";" - ";"-";"-";"-";"-"
"Joviânia";"Balança Comercial - Exportação (US$ FOB)";"-";"-";"-";"-";"-";"-";"-";"-";"-";"-";"-";" -   ";"-";"-";"-";"-";"-";"-";"-";"-   ";"-";" - ";"-";"-";"-";"-"
"Jussara";"Balança Comercial - Exportação (US$ FOB)";"-";"-";"-";"-";"-";"-";"-";"-";"-";"487.927";"-";" -   ";"-";"-";"-";"-";"-";"-";"-";"-   ";"-";" - ";"-";"17.667";"39.049";"0"
"Lagoa Santa";"Balança Comercial - Exportação (US$ FOB)";"-";"-";"-";"-";"-";"-";"-";"-";"-";"-";"-";" -   ";"-";"-";"-";"-";"-";"-";"-";"-   ";"-";" - ";"-";"-";"-";"-"
"Leopoldo de Bulhões";"Balança Comercial - Exportação (US$ FOB)";"-";"-";"-";"-";"-";"-";"-";"-";"-";"-";"-";" -   ";"-";"-";"-";"-";"-";"-";"-";"0";"-";" - ";"-";"95";"-";"0"
"Luziânia";"Balança Comercial - Exportação (US$ FOB)";"114.654";"1.324.003";"9.361.247";"678.143";"4.609.304";"14.771.862";"175.264.285";"115.630.765";"160.484.940";"283.668.611";"363.079.384";"356.133.809";"455.898.252";"534.684.040";"435.155.554";"205.072.464";"243.677.960";"159.324.703";"246.729.618";"131.582.148";"363.535.456";" 459.752.102 ";"403.523.739";"607.412.807";"281.711.063";"147.552.260"
"Mairipotaba";"Balança Comercial - Exportação (US$ FOB)";"-";"-";"-";"-";"-";"-";"-";"-";"-";"-";"-";" -   ";"-";"-";"-";"-";"-";"-";"-";"-   ";"-";" - ";"-";"-";"-";"-"
"Mambaí";"Balança Comercial - Exportação (US$ FOB)";"-";"-";"-";"-";"-";"-";"-";"-";"-";"-";"-";" -   ";"-";"-";"-";"-";"-";"-";"-";"-   ";"-";" - ";"-";"-";"-";"-"
"Mara Rosa";"Balança Comercial - Exportação (US$ FOB)";"-";"-";"-";"-";"-";"-";"-";"-";"-";"-";"-";" -   ";"-";"-";"-";"-";"-";"-";"-";"-   ";"110";" - ";"-";"-";"49.226";"134.394.988"
"Marzagão";"Balança Comercial - Exportação (US$ FOB)";"-";"-";"-";"-";"-";"-";"-";"-";"-";"-";"-";" -   ";"-";"-";"-";"-";"-";"-";"-";"-   ";"-";" - ";"-";"-";"-";"-"
"Matrinchã";"Balança Comercial - Exportação (US$ FOB)";"-";"-";"-";"-";"-";"-";"-";"-";"-";"-";"-";" -   ";"-";"-";"-";"-";"-";"-";"-";"-   ";"-";" - ";"-";"-";"-";"-"
"Maurilândia";"Balança Comercial - Exportação (US$ FOB)";"-";"-";"-";"-";"-";"-";"-";"-";"-";"-";"-";" -   ";"-";"-";"-";"-";"-";"-";"-";"-   ";"-";" - ";"-";"-";"-";"0"
"Mimoso de Goiás";"Balança Comercial - Exportação (US$ FOB)";"-";"-";"-";"-";"-";"-";"-";"-";"-";"-";"-";" -   ";"-";"-";"-";"-";"-";"-";"-";"-   ";"-";" - ";"-";"-";"-";"-"
"Minaçu";"Balança Comercial - Exportação (US$ FOB)";"24.319.930";"27.478.225";"21.214.652";"28.848.579";"35.853.064";"40.104.734";"43.422.447";"45.647.370";"62.786.996";"78.352.193";"78.188.063";"77.901.023";"79.788.875";"103.358.790";"88.356.606";"87.024.285";"71.063.987";"46.937.786";"53.824.137";"44.740.361";"11.199.300";" 27.985.557 ";"61.431.505";"96.647.494";"95.956.114";"89.096.068"
"Mineiros";"Balança Comercial - Exportação (US$ FOB)";"-";"-";"432.234";"111.807";"394.382";"26.457.799";"36.658.687";"23.780.290";"63.488.155";"38.795.444";"3.909.347";"2.172.564";"8.431.874";"90.085.442";"57.376.645";"81.962.606";"77.822.168";"69.772.085";"142.176.156";"86.249.245";"78.692.962";" 79.304.423 ";"91.965.256";"101.787.684";"79.792.826";"92.021.017"
"Moiporá";"Balança Comercial - Exportação (US$ FOB)";"-";"-";"-";"-";"-";"-";"-";"-";"-";"-";"-";" -   ";"-";"-";"-";"-";"-";"-";"-";"-   ";"-";" - ";"-";"-";"-";"-"
"Monte Alegre de Goiás";"Balança Comercial - Exportação (US$ FOB)";"-";"-";"-";"-";"-";"-";"-";"-";"-";"-";"-";" -   ";"-";"-";"-";"-";"-";"-";"-";"-   ";"-";" - ";"-";"-";"-";"-"
"Montes Claros de Goiás";"Balança Comercial - Exportação (US$ FOB)";"-";"-";"-";"-";"-";"-";"-";"-";"-";"-";"-";" -   ";"-";"-";"-";"-";"-";"-";"0";"0";"-";" - ";"-";"-";"-";"-"
"Montividiu";"Balança Comercial - Exportação (US$ FOB)";"-";"-";"-";"-";"-";"-";"-";"-";"1.659.796";"3.351.583";"3.635.201";" -   ";"-";"-";"-";"1.819.660";"3.455.102";"4.644.130";"1.517.954";"0";"1.881.322";" 8.211.333 ";"7.361.150";"19.083.740";"512.148.956";"265.298.351"
"Montividiu do Norte";"Balança Comercial - Exportação (US$ FOB)";"-";"-";"-";"-";"-";"-";"-";"-";"-";"-";"-";" -   ";"-";"-";"-";"-";"-";"11.128";"-";"-   ";"-";" 57.645 ";"-";"-";"-";"-"
"Morrinhos";"Balança Comercial - Exportação (US$ FOB)";"-";"87.012";"-";"-";"91.642";"-";"-";"906";"-";"-";"-";" -   ";"4.412.500";"-";"23.493";"158";"-";"99.579";"0";"243.848";"724.771";" 3.466.749 ";"1.862.023";"244.182";"1.694";"118.492"
"Morro Agudo de Goiás";"Balança Comercial - Exportação (US$ FOB)";"-";"-";"-";"-";"-";"-";"-";"-";"-";"-";"-";" -   ";"-";"-";"-";"-";"-";"-";"-";"-   ";"-";" - ";"-";"979";"-";"-"
"Mossâmedes";"Balança Comercial - Exportação (US$ FOB)";"-";"-";"-";"-";"-";"-";"-";"-";"-";"-";"-";" -   ";"-";"-";"-";"-";"-";"-";"-";"-   ";"-";" - ";"-";"10";"-";"-"
"Mozarlândia";"Balança Comercial - Exportação (US$ FOB)";"-";"-";"23.240.890";"19.093.828";"29.469.014";"38.613.608";"19.194.375";"62.960.534";"92.315.265";"138.093.934";"135.365.054";"171.148.565";"232.182.483";"240.138.232";"197.552.393";"242.253.538";"230.815.415";"162.479.915";"218.184.454";"391.760.489";"455.598.170";" 495.325.788 ";"544.092.521";"284.370.584";"570.874.671";"676.654.370"
"Mundo Novo";"Balança Comercial - Exportação (US$ FOB)";"-";"-";"-";"-";"-";"-";"-";"-";"-";"-";"-";" -   ";"-";"-";"-";"-";"-";"-";"-";"-   ";"-";" - ";"-";"-";"-";"-"
"Mutunópolis";"Balança Comercial - Exportação (US$ FOB)";"-";"-";"-";"-";"-";"-";"-";"-";"-";"-";"-";" -   ";"-";"-";"-";"-";"-";"-";"-";"-   ";"-";" - ";"-";"-";"-";"-"
"Nazário";"Balança Comercial - Exportação (US$ FOB)";"4.995.040";"5.370.959";"2.753.855";"177.594";"197.594";"279.618";"490.942";"1.126.833";"4.924.684";"5.759.156";"11.430.310";"12.828.025";"22.678.804";"26.205.486";"28.096.856";"34.957.700";"32.309.971";"32.008.296";"25.630.071";"32.376.577";"42.324.932";" 57.819.273 ";"53.499.329";"75.437.096";"54.819.310";"39.487.132"
"Nerópolis";"Balança Comercial - Exportação (US$ FOB)";"-";"-";"-";"-";"-";"-";"-";"14.459";"25.650";"-";"-";"22.660";"13.018";"-";"-";"-";"-";"2.483";"0";"419.775";"25.971";" - ";"-";"14.793";"270.308";"318.441"
"Niquelândia";"Balança Comercial - Exportação (US$ FOB)";"-";"-";"-";"4.560.584";"8.646.502";"11.886.429";"19.539.543";"32.343.468";"68.330.964";"19.000.561";"49.003.567";"2.334.397";"26.604.593";"15.502.993";"-";"1.541.032";"11.987.845";"6.855.988";"2.930.120";"3.816.196";"26.128.098";" 64.777.731 ";"56.665.373";"22.606.788";"35.894.025";"35.332.747"
"Nova América";"Balança Comercial - Exportação (US$ FOB)";"-";"-";"-";"-";"-";"-";"-";"-";"-";"-";"-";" -   ";"-";"-";"-";"-";"-";"-";"-";"-   ";"-";" - ";"-";"-";"-";"-"
"Nova Aurora";"Balança Comercial - Exportação (US$ FOB)";"-";"-";"-";"-";"-";"-";"-";"-";"-";"-";"-";" -   ";"-";"-";"-";"-";"-";"-";"-";"-   ";"-";" - ";"-";"-";"-";"-"
"Nova Crixás";"Balança Comercial - Exportação (US$ FOB)";"-";"-";"-";"-";"-";"-";"-";"-";"-";"-";"-";" -   ";"-";"-";"-";"-";"-";"-";"-";"-   ";"-";" - ";"-";"-";"1.106";"134.828"
"Nova Glória";"Balança Comercial - Exportação (US$ FOB)";"133.928";"914.506";"-";"-";"-";"-";"-";"-";"-";"-";"-";" -   ";"-";"-";"-";"-";"-";"-";"-";"-   ";"-";" - ";"-";"-";"-";"-"
"Nova Iguaçu de Goiás";"Balança Comercial - Exportação (US$ FOB)";"-";"-";"-";"-";"-";"-";"-";"-";"-";"-";"-";" -   ";"-";"-";"-";"-";"-";"-";"-";"-   ";"-";" - ";"-";"-";"-";"0"
"Nova Roma";"Balança Comercial - Exportação (US$ FOB)";"-";"-";"-";"-";"-";"-";"-";"-";"-";"-";"-";" -   ";"-";"-";"-";"-";"-";"-";"467.654";"824.308";"2.221.618";" 1.274.037 ";"2.846.012";"2.228.876";"4.076.092";"2.363.302"
"Nova Veneza";"Balança Comercial - Exportação (US$ FOB)";"-";"-";"-";"-";"-";"-";"-";"-";"-";"-";"-";" -   ";"-";"-";"-";"-";"-";"-";"-";"-   ";"-";" - ";"-";"-";"-";"3.336.254"
"Novo Brasil";"Balança Comercial - Exportação (US$ FOB)";"-";"-";"-";"-";"-";"-";"-";"-";"-";"-";"-";" -   ";"-";"-";"-";"-";"-";"-";"-";"-   ";"-";" - ";"-";"-";"-";"-"
"Novo Gama";"Balança Comercial - Exportação (US$ FOB)";"-";"-";"-";"-";"-";"-";"-";"-";"-";"-";"-";" -   ";"-";"-";"-";"-";"-";"-";"0";"0";"-";" - ";"-";"-";"820";"2.377"
"Novo Planalto";"Balança Comercial - Exportação (US$ FOB)";"-";"-";"-";"-";"-";"-";"-";"-";"-";"-";"-";" -   ";"-";"-";"-";"-";"-";"-";"-";"-   ";"-";" - ";"-";"-";"-";"-"
"Orizona";"Balança Comercial - Exportação (US$ FOB)";"-";"-";"-";"-";"195.550";"-";"-";"-";"-";"-";"-";" -   ";"-";"3.221.128";"5.697.899";"4.684.735";"3.464.922";"2.819.425";"4.152.634";"3.915.056";"4.508.276";" 5.199.732 ";"9.862.233";"11.901.609";"12.004.826";"8.417.137"
"Ouro Verde de Goiás";"Balança Comercial - Exportação (US$ FOB)";"-";"-";"-";"-";"-";"-";"-";"-";"-";"-";"-";" -   ";"-";"-";"-";"-";"-";"-";"-";"-   ";"-";" - ";"-";"-";"-";"-"
"Ouvidor";"Balança Comercial - Exportação (US$ FOB)";"32.277.761";"37.570.157";"35.406.216";"19.366.758";"42.033.531";"43.807.941";"48.660.281";"67.261.877";"104.255.623";"140.716.609";"186.776.295";"150.978.152";"152.886.134";"168.232.536";"179.235.444";"175.870.566";"218.873.742";"216.972.509";"249.938.471";"270.870.913";"242.058.642";" 301.221.453 ";"268.001.293";"334.785.482";"334.221.234";"403.918.989"
"Padre Bernardo";"Balança Comercial - Exportação (US$ FOB)";"-";"-";"-";"-";"-";"-";"-";"-";"-";"-";"-";" -   ";"-";"-";"-";"-";"-";"-";"-";"-   ";"-";" - ";"-";"-";"-";"-"
"Palestina de Goiás";"Balança Comercial - Exportação (US$ FOB)";"-";"-";"-";"-";"-";"-";"-";"-";"-";"-";"-";" -   ";"-";"-";"-";"-";"-";"-";"-";"-   ";"-";" - ";"-";"-";"-";"-"
"Palmeiras de Goiás";"Balança Comercial - Exportação (US$ FOB)";"13.173";"19.754";"26.977";"-";"38.239";"-";"10.941.959";"178.192.546";"167.991.125";"176.256.615";"188.726.272";"204.604.439";"221.884.167";"244.901.181";"280.746.101";"260.005.812";"237.942.350";"228.213.282";"249.689.019";"220.320.380";"314.612.054";" 307.528.408 ";"381.198.495";"582.992.731";"416.369.711";"462.655.704"
"Palmelo";"Balança Comercial - Exportação (US$ FOB)";"-";"-";"-";"-";"-";"-";"-";"-";"-";"-";"-";" -   ";"-";"-";"-";"-";"-";"-";"-";"-   ";"-";" - ";"-";"-";"-";"-"
"Palminópolis";"Balança Comercial - Exportação (US$ FOB)";"-";"-";"-";"-";"-";"-";"-";"-";"-";"-";"-";" -   ";"-";"-";"-";"-";"-";"-";"-";"-   ";"-";" - ";"-";"-";"-";"-"
"Panamá";"Balança Comercial - Exportação (US$ FOB)";"-";"-";"-";"-";"-";"140.904";"-";"-";"4.913.442";"26.315.675";"-";"103.465";"-";"1.120.840";"2.400.005";"-";"-";"-";"-";"-   ";"-";" - ";"-";"-";"-";"-"
"Paranaiguara";"Balança Comercial - Exportação (US$ FOB)";"-";"-";"-";"-";"-";"-";"-";"-";"-";"-";"-";" -   ";"-";"-";"-";"-";"-";"-";"-";"-   ";"-";" - ";"-";"990";"-";"-"
"Paraúna";"Balança Comercial - Exportação (US$ FOB)";"-";"-";"-";"-";"-";"-";"104.008";"-";"-";"-";"-";" -   ";"-";"-";"-";"-";"-";"-";"-";"-   ";"-";" - ";"972";"8.131";"25.279.029";"19.995.310"
"Perolândia";"Balança Comercial - Exportação (US$ FOB)";"-";"-";"-";"-";"-";"-";"-";"-";"-";"-";"-";" -   ";"-";"-";"-";"-";"-";"-";"-";"-   ";"-";" - ";"-";"-";"-";"-"
"Petrolina de Goiás";"Balança Comercial - Exportação (US$ FOB)";"-";"-";"-";"-";"-";"-";"-";"-";"-";"-";"-";" -   ";"-";"-";"-";"-";"-";"-";"-";"-   ";"-";" - ";"-";"-";"-";"-"
"Pilar de Goiás";"Balança Comercial - Exportação (US$ FOB)";"-";"-";"-";"-";"-";"-";"-";"-";"-";"-";"-";" -   ";"-";"-";"14.465.016";"71.936.851";"94.916.369";"104.619.307";"89.517.282";"66.383.881";"50.045.524";" 65.220.772 ";"17.120.311";"26.842.118";"7.953.177";"7.240.703"
"Piracanjuba";"Balança Comercial - Exportação (US$ FOB)";"13.000";"7.400";"-";"-";"-";"-";"-";"-";"-";"-";"-";" -   ";"-";"26.444.943";"-";"-";"-";"-";"-";"-   ";"-";" - ";"-";"40.408";"-";"15"
"Piranhas";"Balança Comercial - Exportação (US$ FOB)";"-";"52.379";"-";"-";"-";"-";"-";"-";"-";"-";"-";" -   ";"-";"-";"-";"-";"-";"-";"-";"-   ";"-";" - ";"-";"-";"-";"-"
"Pirenópolis";"Balança Comercial - Exportação (US$ FOB)";"22.434";"17.648";"48.811";"3.179.901";"2.235.839";"2.140.334";"4.186.560";"266.818";"133.663";"8.134.596";"28.061.444";"66.501";"-";"9.180";"11.454.139";"27.724.107";"5.831.525";"37.792";"3.528.993";"22.871.472";"15.546.500";" 261.951 ";"201.977";"55.686";"35.973";"25.797"
"Pires do Rio";"Balança Comercial - Exportação (US$ FOB)";"3.660.000";"-";"16.879";"23.366";"7.120";"740.946";"3.829.936";"4.789.919";"23.870.146";"59.728.018";"19.091.922";"32.322.478";"23.467.297";"11.669.125";"14.446.078";"12.634.627";"10.667.373";"84.337.816";"75.138.824";"35.037.742";"81.056.093";" 26.012.593 ";"19.427.069";"14.380.322";"109.835.329";"180.145.825"
"Planaltina";"Balança Comercial - Exportação (US$ FOB)";"-";"-";"-";"-";"-";"-";"-";"18.461";"-";"-";"-";" -   ";"-";"-";"-";"-";"-";"-";"520";"0";"-";" - ";"-";"-";"-";"0"
"Pontalina";"Balança Comercial - Exportação (US$ FOB)";"-";"-";"-";"-";"-";"-";"32.254";"-";"-";"-";"-";" -   ";"1.716";"-";"-";"-";"1.527";"-";"-";"0";"-";" 2.175 ";"1.126";"-";"4.546.320";"15.376.500"
"Porangatu";"Balança Comercial - Exportação (US$ FOB)";"-";"-";"-";"-";"-";"-";"-";"-";"-";"-";"-";" -   ";"-";"-";"-";"-";"129.892";"-";"106.101";"1.295.470";"41.323";" 626.678 ";"1.589.695";"1.309.878";"1.910.312";"2.286.916"
"Porteirão";"Balança Comercial - Exportação (US$ FOB)";"-";"-";"3.419.873";"1.255.144";"-";"543.494";"7.849.770";"1.927.868";"-";"-";"-";" -   ";"-";"-";"-";"-";"-";"-";"-";"-   ";"-";" - ";"-";"-";"-";"0"
"Portelândia";"Balança Comercial - Exportação (US$ FOB)";"-";"-";"-";"-";"-";"-";"-";"-";"-";"-";"-";" -   ";"-";"-";"-";"-";"-";"-";"-";"-   ";"-";" - ";"-";"-";"-";"-"
"Posse";"Balança Comercial - Exportação (US$ FOB)";"22.820";"66.562";"-";"92.569";"88.644";"96.593";"121.879";"-";"245.152";"66.088";"3.229";"161.482";"-";"1.152.749";"-";"-";"-";"-";"-";"-   ";"-";" - ";"-";"651.403";"1.496";"3.294"
"Professor Jamil";"Balança Comercial - Exportação (US$ FOB)";"-";"-";"-";"-";"-";"-";"-";"-";"-";"-";"-";" -   ";"-";"-";"-";"-";"-";"-";"-";"-   ";"-";" - ";"-";"-";"-";"-"
"Quirinópolis";"Balança Comercial - Exportação (US$ FOB)";"14.894";"13.962";"8.470";"61.405";"2.482";"716";"3.561";"22.258";"4.742.493";"7.938.023";"10.227.681";"152.394.375";"215.036.137";"251.453.788";"283.518.711";"145.349.199";"113.650.004";"149.236.371";"143.818.642";"96.049.834";"90.287.502";" 79.634.378 ";"82.312.951";"73.137.028";"131.729.284";"153.030.592"
"Rialma";"Balança Comercial - Exportação (US$ FOB)";"-";"-";"-";"-";"-";"-";"-";"-";"-";"-";"-";" -   ";"-";"-";"-";"-";"-";"-";"-";"-   ";"-";" 2.375 ";"-";"-";"1.251";"0"
"Rianápolis";"Balança Comercial - Exportação (US$ FOB)";"-";"-";"-";"-";"-";"-";"-";"-";"-";"-";"-";" -   ";"-";"-";"-";"-";"-";"-";"-";"-   ";"-";" - ";"-";"-";"200";"-"
"Rio Quente";"Balança Comercial - Exportação (US$ FOB)";"118.480";"2.300";"-";"-";"-";"-";"-";"-";"-";"-";"-";" -   ";"-";"-";"-";"-";"-";"-";"0";"0";"-";" - ";"-";"-";"-";"0"
"Rio Verde";"Balança Comercial - Exportação (US$ FOB)";"7.047.563";"8.716.675";"28.951.864";"67.682.166";"28.811.829";"54.849.715";"182.558.841";"99.975.126";"110.152.772";"58.530.637";"140.912.735";"147.757.703";"334.379.848";"508.328.903";"499.063.876";"601.939.801";"469.017.604";"600.173.591";"977.417.785";"853.488.602";"1.335.256.935";" 1.675.037.565 ";"2.037.447.983";"4.435.166.579";"4.285.845.706";"3.190.407.601"
"Rubiataba";"Balança Comercial - Exportação (US$ FOB)";"-";"-";"-";"-";"-";"-";"-";"-";"-";"-";"-";" -   ";"19.802";"-";"-";"-";"-";"-";"2.159.143";"1.440.000";"719.572";" 719.572 ";"-";"2.165";"4.076.430";"11.675.096"
"Sanclerlândia";"Balança Comercial - Exportação (US$ FOB)";"2.663";"7.200";"19.800";"-";"-";"5.800";"36.809";"27.939";"63.718";"155.326";"71.020";"717.387";"-";"-";"-";"-";"-";"-";"-";"-   ";"-";" - ";"-";"-";"-";"280.400"
"Santa Bárbara de Goiás";"Balança Comercial - Exportação (US$ FOB)";"-";"-";"-";"-";"631.765";"2.909.895";"199.920";"-";"-";"-";"-";" -   ";"-";"-";"-";"428.050";"-";"-";"-";"-   ";"25.000";" 63.883 ";"-";"-";"-";"0"
"Santa Cruz de Goiás";"Balança Comercial - Exportação (US$ FOB)";"-";"-";"-";"-";"-";"-";"-";"-";"-";"-";"-";" -   ";"-";"-";"-";"-";"-";"-";"-";"-   ";"-";" - ";"-";"-";"-";"-"
"Santa Fé de Goiás";"Balança Comercial - Exportação (US$ FOB)";"-";"-";"-";"-";"-";"-";"104.246";"687.423";"4.269.585";"1.031.494";"35.560.209";"52.825.757";"46.940.157";"79.185.134";"88.350.805";"99.393.838";"90.722.480";"116.962.989";"150.480.822";"100.910.961";"-";" - ";"57.577.105";"66.467.229";"58.286.478";"92.588.293"
"Santa Helena de Goiás";"Balança Comercial - Exportação (US$ FOB)";"-";"527.314";"7.284";"89.831";"1.289.387";"8.796.223";"11.408.427";"835.552";"12.856.275";"8.883.250";"1.497.289";"9.189.783";"4.502.906";"238.694";"1.495.691";"438.965";"209.647";"5.667.351";"4.346.578";"1.271.254";"1.682.523";" 1.105.391 ";"2.479.505";"474.176";"4.000.423";"3.203.563"
"Santa Isabel";"Balança Comercial - Exportação (US$ FOB)";"-";"-";"-";"-";"-";"-";"-";"-";"-";"-";"-";" -   ";"-";"-";"-";"-";"-";"-";"-";"-   ";"-";" - ";"-";"-";"-";"-"
"Santa Rita do Araguaia";"Balança Comercial - Exportação (US$ FOB)";"-";"-";"-";"-";"-";"-";"-";"-";"-";"-";"-";" -   ";"-";"-";"-";"-";"-";"-";"-";"-   ";"-";" - ";"-";"-";"-";"-"
"Santa Rita do Novo Destino";"Balança Comercial - Exportação (US$ FOB)";"-";"-";"-";"-";"-";"-";"-";"-";"-";"-";"-";" -   ";"-";"-";"-";"-";"-";"8.910";"38.610";"46.601";"81.654";" 23.054 ";"-";"136";"65.984";"32.707"
"Santa Rosa de Goiás";"Balança Comercial - Exportação (US$ FOB)";"-";"-";"-";"-";"-";"-";"-";"-";"-";"-";"-";" -   ";"-";"-";"-";"-";"-";"-";"-";"-   ";"-";" - ";"-";"-";"-";"-"
"Santa Tereza de Goiás";"Balança Comercial - Exportação (US$ FOB)";"-";"-";"-";"-";"-";"-";"-";"-";"-";"-";"-";" -   ";"-";"-";"-";"-";"-";"-";"-";"-   ";"-";" - ";"-";"-";"-";"-"
"Santa Terezinha de Goiás";"Balança Comercial - Exportação (US$ FOB)";"-";"19.099";"-";"-";"-";"-";"-";"-";"-";"-";"-";" -   ";"-";"-";"-";"-";"-";"-";"15.274";"-   ";"85.829";" - ";"4.073";"1.123";"-";"-"
"Santo Antônio da Barra";"Balança Comercial - Exportação (US$ FOB)";"-";"-";"-";"-";"-";"-";"-";"-";"-";"-";"-";" -   ";"-";"-";"-";"-";"-";"-";"-";"-   ";"-";" 5.205 ";"-";"-";"-";"-"
"Santo Antônio de Goiás";"Balança Comercial - Exportação (US$ FOB)";"107.739";"103.289";"125.131";"141.535";"123.965";"127.671";"92.360";"60.149";"65.841";"42.599";"71.188";"64.517";"63.651";"163.682";"141.056";"131.711";"156.848";"191.929";"141.997";"134.833";"23.329";" - ";"-";"6";"-";"1.676"
"Santo Antônio do Descoberto";"Balança Comercial - Exportação (US$ FOB)";"-";"-";"-";"-";"-";"-";"-";"-";"-";"-";"-";" -   ";"-";"-";"-";"-";"-";"-";"0";"-   ";"-";" - ";"-";"-";"-";"0"
"São Domingos";"Balança Comercial - Exportação (US$ FOB)";"-";"-";"-";"-";"-";"-";"-";"-";"-";"-";"-";" -   ";"2.800";"9.216";"11.692";"8.640";"6.162";"6.156";"4.698";"-   ";"1.301";" - ";"-";"-";"-";"0"
"São Francisco de Goiás";"Balança Comercial - Exportação (US$ FOB)";"-";"-";"-";"-";"-";"-";"-";"-";"-";"-";"-";" -   ";"-";"-";"-";"-";"-";"-";"-";"-   ";"-";" - ";"-";"-";"-";"-"
"São João d'Aliança";"Balança Comercial - Exportação (US$ FOB)";"-";"-";"-";"-";"-";"-";"-";"-";"-";"-";"-";" -   ";"-";"-";"-";"-";"-";"-";"-";"-   ";"-";" - ";"-";"-";"93.600";"1.153.554"
"São João da Paraúna";"Balança Comercial - Exportação (US$ FOB)";"-";"-";"-";"-";"-";"-";"-";"-";"-";"-";"-";" -   ";"-";"-";"-";"-";"-";"-";"-";"-   ";"-";" - ";"-";"-";"-";"-"
"São Luis de Montes Belos";"Balança Comercial - Exportação (US$ FOB)";"347.725";"188.230";"-";"-";"-";"-";"6.596";"-";"-";"-";"-";"916.683";"12.052.890";"11.582.232";"11.999.151";"9.692.068";"9.053.433";"8.273.517";"8.263.009";"-   ";"-";" - ";"-";"14.990.406";"14.271.631";"15.004.313"
"São Luiz do Norte";"Balança Comercial - Exportação (US$ FOB)";"-";"-";"-";"-";"-";"-";"-";"-";"-";"-";"-";" -   ";"-";"-";"-";"-";"-";"-";"-";"-   ";"-";" - ";"-";"-";"-";"-"
"São Miguel do Araguaia";"Balança Comercial - Exportação (US$ FOB)";"-";"-";"-";"-";"-";"-";"-";"-";"-";"-";"-";" -   ";"-";"-";"-";"-";"-";"-";"-";"-   ";"-";" - ";"-";"-";"-";"-"
"São Miguel do Passa Quatro";"Balança Comercial - Exportação (US$ FOB)";"-";"-";"-";"-";"-";"-";"-";"-";"-";"-";"-";" -   ";"-";"-";"-";"-";"-";"-";"-";"-   ";"-";" - ";"-";"-";"-";"-"
"São Patrício";"Balança Comercial - Exportação (US$ FOB)";"-";"-";"-";"-";"-";"-";"-";"-";"-";"-";"-";" -   ";"-";"-";"-";"-";"-";"-";"-";"-   ";"-";" - ";"-";"1.445";"-";"-"
"São Simão";"Balança Comercial - Exportação (US$ FOB)";"32.617.028";"62.258.850";"53.679.774";"58.308.354";"22.411.051";"6.804.141";"5.293.951";"8.148.270";"15.226.429";"10.498.525";"36.714.142";"36.132.890";"38.799.491";"61.983.425";"63.983.795";"128.807.966";"214.097.622";"81.371.924";"56.934.366";"31.025.269";"126.580.816";" 161.638.796 ";"104.031.715";"119.090.717";"164.256.384";"205.299.770"
"Senador Canedo";"Balança Comercial - Exportação (US$ FOB)";"10.766.020";"17.223.718";"23.058.131";"20.917.240";"25.831.516";"35.858.072";"47.266.355";"72.692.205";"82.699.154";"43.625.884";"2.848.609";"2.156.941";"2.063.466";"4.167.083";"25.515.229";"107.521.790";"79.785.190";"58.998.253";"81.016.731";"65.166.920";"58.083.529";" 114.770.107 ";"98.029.415";"176.464.156";"173.540.497";"209.663.750"
"Serranópolis";"Balança Comercial - Exportação (US$ FOB)";"-";"-";"-";"-";"-";"-";"-";"-";"-";"-";"-";" -   ";"-";"-";"-";"-";"-";"-";"-";"-   ";"-";" 3.992.202 ";"9.327.789";"1.928.354";"14.423.311";"21.733.887"
"Silvânia";"Balança Comercial - Exportação (US$ FOB)";"-";"-";"-";"2.682";"-";"-";"-";"-";"2.191.110";"6.608.577";"12.310.592";"5.362.025";"69.956.199";"81.119.475";"51.722.024";"34.246.973";"69.348.168";"68.840.775";"148.367.150";"5.653.225";"1.106.421";" 1.934.147 ";"962.704";"911.322";"1.427.811";"22.982.833"
"Simolândia";"Balança Comercial - Exportação (US$ FOB)";"-";"-";"-";"-";"-";"-";"-";"-";"-";"-";"-";" -   ";"-";"-";"-";"-";"-";"-";"-";"-   ";"-";" - ";"-";"-";"-";"-"
"Sítio d'Abadia";"Balança Comercial - Exportação (US$ FOB)";"-";"-";"-";"-";"-";"-";"-";"-";"-";"-";"-";" -   ";"-";"-";"-";"-";"-";"-";"-";"-   ";"-";" - ";"-";"-";"-";"-"
"Taquaral de Goiás";"Balança Comercial - Exportação (US$ FOB)";"-";"-";"-";"-";"-";"-";"-";"-";"1.624";"-";"-";" -   ";"2.824";"2.582";"25.471";"2.019";"-";"2.231";"-";"-   ";"-";" - ";"-";"13.836";"3.891";"-"
"Teresina de Goiás";"Balança Comercial - Exportação (US$ FOB)";"-";"-";"-";"-";"-";"-";"-";"-";"-";"-";"-";" -   ";"-";"-";"-";"-";"-";"-";"-";"-   ";"-";" - ";"-";"-";"-";"-"
"Terezópolis de Goiás";"Balança Comercial - Exportação (US$ FOB)";"-";"-";"-";"-";"-";"-";"12.500";"-";"27.405";"61.279";"68.342";"103.808";"92.466";"22.877";"97.104";"44.272";"60.070";"17.964";"7.782";"8.267";"-";" - ";"76.153";"22.000";"11.605";"6.173"
"Três Ranchos";"Balança Comercial - Exportação (US$ FOB)";"-";"-";"-";"-";"-";"-";"-";"-";"-";"-";"-";" -   ";"-";"-";"-";"-";"-";"-";"-";"0";"-";" - ";"-";"-";"-";"0"
"Trindade";"Balança Comercial - Exportação (US$ FOB)";"594.906";"124.566";"3.074.135";"5.825.682";"12.276.390";"14.095.630";"20.677.945";"35.827.730";"42.543.311";"34.148.789";"28.338.652";"40.448.496";"62.598.962";"59.446.078";"72.409.728";"114.271.027";"87.176.918";"80.240.632";"79.714.402";"57.899.721";"30.905.443";" 20.399.060 ";"37.256.528";"26.754.370";"21.913.739";"31.726.839"
"Trombas";"Balança Comercial - Exportação (US$ FOB)";"-";"-";"-";"-";"-";"-";"-";"-";"-";"-";"-";" -   ";"-";"-";"-";"-";"-";"-";"-";"-   ";"-";" - ";"-";"-";"-";"-"
"Turvânia";"Balança Comercial - Exportação (US$ FOB)";"-";"-";"-";"-";"-";"-";"-";"-";"-";"-";"-";" -   ";"-";"-";"-";"-";"-";"-";"-";"-   ";"-";" - ";"-";"-";"-";"0"
"Turvelândia";"Balança Comercial - Exportação (US$ FOB)";"-";"-";"-";"-";"-";"-";"-";"-";"-";"-";"-";" -   ";"-";"-";"-";"-";"-";"-";"-";"-   ";"-";" - ";"-";"-";"-";"0"
"Uirapuru";"Balança Comercial - Exportação (US$ FOB)";"-";"-";"-";"-";"-";"-";"-";"-";"-";"-";"-";" -   ";"-";"-";"-";"-";"-";"-";"-";"-   ";"-";" - ";"-";"-";"-";"-"
"Uruaçu";"Balança Comercial - Exportação (US$ FOB)";"-";"843";"4.233";"18.597";"86.114";"146.492";"733.143";"1.075.585";"1.207.930";"879.527";"520.842";"427.651";"385.090";"298.812";"204.205";"167.575";"141.537";"120.861";"101.527";"97.579";"113.815";" 94.831 ";"83.859";"315.878";"277.966";"684.540"
"Uruana";"Balança Comercial - Exportação (US$ FOB)";"-";"-";"44.150";"-";"-";"-";"75.158";"-";"-";"-";"-";" -   ";"-";"-";"-";"-";"-";"-";"-";"-   ";"-";" 1.209 ";"-";"-";"-";"-"
"Urutaí";"Balança Comercial - Exportação (US$ FOB)";"-";"-";"-";"-";"-";"-";"-";"-";"-";"-";"-";" -   ";"-";"-";"-";"-";"-";"-";"-";"-   ";"-";" - ";"-";"-";"-";"-"
"Valparaíso de Goiás";"Balança Comercial - Exportação (US$ FOB)";"-";"-";"-";"-";"-";"-";"-";"-";"-";"-";"-";" -   ";"-";"3.888";"-";"-";"-";"-";"-";"0";"-";" 92.045 ";"-";"-";"1.514";"0"
"Varjão";"Balança Comercial - Exportação (US$ FOB)";"-";"-";"-";"-";"-";"-";"-";"-";"-";"-";"-";" -   ";"-";"-";"-";"-";"-";"-";"-";"-   ";"-";" - ";"-";"-";"-";"-"
"Vianópolis";"Balança Comercial - Exportação (US$ FOB)";"-";"-";"-";"-";"-";"-";"-";"-";"-";"-";"-";" -   ";"-";"-";"-";"-";"-";"-";"-";"-   ";"-";" - ";"-";"-";"-";"0"
"Vicentinópolis";"Balança Comercial - Exportação (US$ FOB)";"-";"-";"-";"-";"-";"-";"-";"-";"-";"-";"-";" -   ";"-";"-";"-";"38.352.704";"14.177.796";"12.454.225";"16.895.840";"57.326.882";"6.518.444";" 11.057.393 ";"19.419.847";"32.691.119";"1.807.870";"-"
"Vila Boa";"Balança Comercial - Exportação (US$ FOB)";"-";"-";"-";"-";"-";"-";"-";"-";"-";"-";"-";" -   ";"-";"7.630.632";"1.675.631";"-";"-";"-";"-";"-   ";"-";" - ";"-";"-";"-";"-"
"Vila Propício";"Balança Comercial - Exportação (US$ FOB)";"-";"-";"-";"-";"-";"-";"-";"-";"-";"-";"-";" -   ";"-";"-";"-";"-";"-";"-";"-";"-   ";"-";" - ";"-";"-";"-";"82.878"
